symbol,_priceFormat,_priceFormatType,_tickSize,buyFillId,sellFillId,qty,buyPrice,sellPrice,pnl,boughtTimestamp,soldTimestamp,duration,,,,,,,,
ZNM4,5,1,0.015625,49137410342,49137410348,1,110 040,110 045,$15.62,02/27/2024 16:27:28,02/27/2024 16:27:50,21sec,,,,,,,,
ZNM4,5,1,0.015625,49137410382,49137410391,1,110 060,110 060,$0.00,02/28/2024 10:16:10,02/28/2024 10:18:35,2min 24sec,,,,,,,,
ZNM4,5,1,0.015625,49137410446,49137410437,1,110 065,110 070,$15.62,02/28/2024 10:42:01,02/28/2024 10:41:03,57sec,,,,,,,,
ZNM4,5,1,0.015625,49137410473,49137410483,1,110 050,110 050,$0.00,02/28/2024 11:00:21,02/28/2024 11:01:37,1min 15sec,,,,,,,,
ZNM4,5,1,0.015625,49137410496,49137410503,1,110 040,110 045,$15.62,02/28/2024 11:09:15,02/28/2024 11:09:25,10sec,,,,,,,,
ZNM4,5,1,0.015625,49137410518,49137410525,1,110 035,110 040,$15.62,02/28/2024 11:27:17,02/28/2024 11:28:04,46sec,,,,,,,,
ZNM4,5,1,0.015625,49137410560,49137410567,1,110 085,110 090,$15.62,02/28/2024 15:20:07,02/28/2024 15:20:20,12sec,,,,,,,,
ZNM4,5,1,0.015625,49137410582,49137410597,1,110 070,110 070,$0.00,02/28/2024 15:53:06,02/28/2024 15:56:52,3min 45sec,,,,,,,,
ZNM4,5,1,0.015625,49137410653,49137410664,1,110 090,110 095,$15.62,02/29/2024 10:08:34,02/29/2024 10:09:51,1min 16sec,,,,,,,,
ZNM4,5,1,0.015625,49137410761,49137410775,1,110 060,110 060,$0.00,02/29/2024 11:21:47,02/29/2024 11:22:51,1min 3sec,,,,,,,,
ZNM4,5,1,0.015625,49137410791,49137410798,1,110 040,110 045,$15.62,02/29/2024 11:56:10,02/29/2024 11:56:22,11sec,,,,,,,,
ZNM4,5,1,0.015625,49137410835,49137410842,1,110 100,110 105,$15.62,03/01/2024 10:25:56,03/01/2024 10:29:43,3min 47sec,,,,,,,,
ZNM4,5,1,0.015625,49137410882,49137410852,1,110 120,110 110,$(31.25),03/01/2024 11:12:07,03/01/2024 11:06:20,5min 47sec,,,,,,,,
ZNM4,5,1,0.015625,49137410918,49137410911,1,110 140,110 145,$15.62,03/01/2024 11:24:57,03/01/2024 11:23:01,1min 56sec,,,,,,,,
ZNM4,5,1,0.015625,49137410936,49137410972,1,110 140,110 135,$(15.62),03/01/2024 11:28:41,03/01/2024 11:38:22,9min 40sec,,,,,,,,
ZNM4,5,1,0.015625,49137411019,49137411052,1,110 265,110 250,$(46.88),03/04/2024 10:46:29,03/04/2024 10:59:48,13min 19sec,,,,,,,,
ZNM4,5,1,0.015625,49137411046,49137411066,1,110 245,110 255,$31.25,03/04/2024 10:59:37,03/04/2024 11:02:58,3min 21sec,,,,,,,,
ZNM4,5,1,0.015625,49137411102,49137411096,1,110 275,110 280,$15.62,03/04/2024 11:37:07,03/04/2024 11:34:15,2min 51sec,,,,,,,,
ZNM4,5,1,0.015625,49137411187,49137411181,1,110 240,110 245,$15.62,03/04/2024 16:50:43,03/04/2024 16:50:12,31sec,,,,,,,,
ZNM4,5,1,0.015625,49137411236,49137411230,1,110 295,110 300,$15.62,03/05/2024 11:31:29,03/05/2024 11:30:56,33sec,,,,,,,,
ZNM4,5,1,0.015625,49137411291,49137411306,1,111 030,111 030,$0.00,03/06/2024 10:40:09,03/06/2024 10:42:06,1min 57sec,,,,,,,,
ZNM4,5,1,0.015625,49137411481,49137411454,1,111 190,111 195,$15.62,03/06/2024 19:30:10,03/06/2024 19:29:02,1min 7sec,,,,,,,,
ZNM4,5,1,0.015625,49137411501,49137411507,1,111 205,111 210,$15.62,03/07/2024 16:12:57,03/07/2024 16:13:02,4sec,,,,,,,,
ZNM4,5,1,0.015625,49137411561,49137411573,2,111 235,111 235,$0.00,03/08/2024 10:54:12,03/08/2024 10:54:39,27sec,,,,,,,,
ZNM4,5,1,0.015625,49137411613,49137411621,1,111 260,111 265,$15.62,03/11/2024 10:49:38,03/11/2024 10:50:08,30sec,,,,,,,,
ZNM4,5,1,0.015625,49137411668,49137411686,1,111 235,111 235,$0.00,03/11/2024 15:27:22,03/11/2024 15:31:13,3min 50sec,,,,,,,,
ZNM4,5,1,0.015625,49137411677,49137411691,1,111 230,111 235,$15.62,03/11/2024 15:31:07,03/11/2024 15:31:13,6sec,,,,,,,,
ZNM4,5,1,0.015625,49137411720,49137411732,1,111 225,111 230,$15.62,03/11/2024 15:48:11,03/11/2024 15:51:37,3min 26sec,,,,,,,,
ZNM4,5,1,0.015625,49137411723,49137411737,1,111 225,111 230,$15.62,03/11/2024 15:48:11,03/11/2024 15:51:37,3min 26sec,,,,,,,,
ZNM4,5,1,0.015625,49137411810,49137411816,1,111 200,111 205,$15.62,03/12/2024 11:45:50,03/12/2024 11:51:26,5min 36sec,,,,,,,,
ZNM4,5,1,0.015625,49137411976,49137412012,1,111 065,111 065,$0.00,03/13/2024 10:57:00,03/13/2024 10:59:49,2min 49sec,,,,,,,,
ZNM4,5,1,0.015625,49137411979,49137412050,1,111 065,111 065,$0.00,03/13/2024 10:57:00,03/13/2024 11:05:35,8min 34sec,,,,,,,,
ZNM4,5,1,0.015625,49137411994,49137412109,1,111 060,111 050,$(31.25),03/13/2024 10:58:01,03/13/2024 11:29:35,31min 33sec,,,,,,,,
ZNM4,5,1,0.015625,49137412103,49137412126,1,111 045,111 055,$31.25,03/13/2024 11:26:10,03/13/2024 11:36:57,10min 46sec,,,,,,,,
ZNM4,5,1,0.015625,49137412170,49137412155,1,111 020,111 025,$15.62,03/13/2024 19:09:04,03/13/2024 19:08:22,42sec,,,,,,,,
ZNM4,5,1,0.015625,49137412199,49137412190,1,111 010,111 015,$15.62,03/13/2024 19:36:05,03/13/2024 19:35:02,1min 2sec,,,,,,,,
ZNM4,5,1,0.015625,49137412228,49137412237,1,111 005,111 010,$15.62,03/13/2024 19:45:50,03/13/2024 19:49:36,3min 46sec,,,,,,,,
ZNM4,5,1,0.015625,49137412286,49137412295,1,110 260,110 265,$15.62,03/14/2024 10:36:10,03/14/2024 10:36:11,1sec,,,,,,,,
ZNM4,5,1,0.015625,49137412390,49137412366,1,110 285,110 290,$15.62,03/14/2024 11:51:51,03/14/2024 11:48:15,3min 35sec,,,,,,,,
ZNM4,5,1,0.015625,49137412430,49137412439,1,110 065,110 070,$15.62,03/15/2024 10:37:01,03/15/2024 10:37:24,22sec,,,,,,,,
ZNM4,5,1,0.015625,49137412471,49137412459,1,110 085,110 090,$15.62,03/15/2024 10:52:18,03/15/2024 10:51:09,1min 9sec,,,,,,,,
ZNM4,5,1,0.015625,49137412521,49137412530,1,110 075,110 080,$15.62,03/15/2024 11:41:15,03/15/2024 11:41:37,22sec,,,,,,,,
ZNM4,5,1,0.015625,49137412666,49137412677,1,109 280,109 285,$15.62,03/19/2024 10:23:01,03/19/2024 10:23:48,46sec,,,,,,,,
ZNM4,5,1,0.015625,49137412712,49137412718,1,109 290,109 295,$15.62,03/19/2024 10:43:53,03/19/2024 10:46:34,2min 40sec,,,,,,,,
ZNM4,5,1,0.015625,49137412771,49137412765,1,109 305,109 310,$15.62,03/19/2024 11:05:20,03/19/2024 11:05:04,15sec,,,,,,,,
ZNM4,5,1,0.015625,49137412779,49137412788,1,109 295,109 300,$15.62,03/19/2024 11:16:05,03/19/2024 11:20:18,4min 13sec,,,,,,,,
ZNM4,5,1,0.015625,49137412882,49137412891,2,110 080,110 085,$31.25,03/20/2024 10:16:28,03/20/2024 10:17:12,43sec,,,,,,,,
ZNM4,5,1,0.015625,49137412935,49137412926,2,110 095,110 100,$31.25,03/20/2024 10:29:30,03/20/2024 10:29:18,12sec,,,,,,,,
ZNM4,5,1,0.015625,49137413003,49137413021,2,110 075,110 075,$0.00,03/20/2024 11:22:48,03/20/2024 11:23:18,29sec,,,,,,,,
ZNM4,5,1,0.015625,49137413012,49137413053,2,110 070,110 080,$62.50,03/20/2024 11:23:10,03/20/2024 11:29:44,6min 33sec,,,,,,,,
ZNM4,5,1,0.015625,49137413090,49137413099,2,110 150,110 155,$31.25,03/21/2024 10:14:49,03/21/2024 10:15:00,10sec,,,,,,,,
ZNM4,5,1,0.015625,49137413137,49137413158,1,110 175,110 180,$15.62,03/21/2024 10:32:59,03/21/2024 10:34:46,1min 46sec,,,,,,,,
ZNM4,5,1,0.015625,49137413137,49137413163,1,110 175,110 180,$15.62,03/21/2024 10:32:59,03/21/2024 10:34:46,1min 46sec,,,,,,,,
ZNM4,5,1,0.015625,49137413180,49137413189,2,110 180,110 185,$31.25,03/21/2024 10:42:36,03/21/2024 10:43:47,1min 10sec,,,,,,,,
ZNM4,5,1,0.015625,49137413227,49137413203,2,110 205,110 205,$0.00,03/21/2024 10:49:39,03/21/2024 10:47:11,2min 28sec,,,,,,,,
ZNM4,5,1,0.015625,49137413256,49137413235,2,110 220,110 215,$(31.25),03/21/2024 10:53:58,03/21/2024 10:51:09,2min 49sec,,,,,,,,
ZNM4,5,1,0.015625,49137413285,49137413297,1,110 210,110 215,$15.62,03/21/2024 11:29:55,03/21/2024 11:30:43,48sec,,,,,,,,
ZNM4,5,1,0.015625,49137413288,49137413297,1,110 210,110 215,$15.62,03/21/2024 11:29:55,03/21/2024 11:30:43,48sec,,,,,,,,
ZNM4,5,1,0.015625,49137413313,49137413322,2,110 215,110 220,$31.25,03/21/2024 11:32:54,03/21/2024 11:34:19,1min 24sec,,,,,,,,
ZNM4,5,1,0.015625,49137413362,49137413371,1,110 170,110 175,$15.62,03/22/2024 10:09:25,03/22/2024 10:09:40,15sec,,,,,,,,
ZNM4,5,1,0.015625,49137413387,49137413371,1,110 175,110 175,$0.00,03/22/2024 10:11:09,03/22/2024 10:09:40,1min 28sec,,,,,,,,
ZNM4,5,1,0.015625,49137413401,49137413443,1,110 180,110 180,$0.00,03/22/2024 10:18:15,03/22/2024 10:22:50,4min 34sec,,,,,,,,
ZNM4,5,1,0.015625,49137413404,49137413460,1,110 180,110 185,$15.62,03/22/2024 10:18:15,03/22/2024 10:24:47,6min 31sec,,,,,,,,
ZNM4,5,1,0.015625,49137413531,49137413540,1,110 180,110 185,$15.62,03/22/2024 11:00:15,03/22/2024 11:00:27,11sec,,,,,,,,
ZNM4,5,1,0.015625,49137413593,49137413623,1,110 185,110 190,$15.62,03/22/2024 11:10:07,03/22/2024 11:14:24,4min 17sec,,,,,,,,
ZNM4,5,1,0.015625,49137413640,49137413652,1,110 185,110 190,$15.62,03/22/2024 11:26:19,03/22/2024 11:29:35,3min 15sec,,,,,,,,
ZNM4,5,1,0.015625,49137413643,49137413657,1,110 185,110 190,$15.62,03/22/2024 11:26:19,03/22/2024 11:29:35,3min 15sec,,,,,,,,
ZNM4,5,1,0.015625,49137413703,49137413723,1,110 215,110 215,$0.00,03/25/2024 11:18:35,03/25/2024 11:25:45,7min 9sec,,,,,,,,
ZNM4,5,1,0.015625,49137413791,49137413763,1,110 180,110 180,$0.00,03/26/2024 10:22:09,03/26/2024 10:14:45,7min 24sec,,,,,,,,
ZNM4,5,1,0.015625,49137413796,49137413773,1,110 180,110 185,$15.62,03/26/2024 10:22:09,03/26/2024 10:19:22,2min 46sec,,,,,,,,
ZNM4,5,1,0.015625,49137413828,49137413816,1,110 190,110 195,$15.62,03/26/2024 10:42:37,03/26/2024 10:42:12,24sec,,,,,,,,
ZNM4,5,1,0.015625,49137413899,49137413881,1,110 200,110 205,$15.62,03/26/2024 11:18:13,03/26/2024 11:14:42,3min 30sec,,,,,,,,
ZNM4,5,1,0.015625,49137413904,49137413884,1,110 200,110 205,$15.62,03/26/2024 11:18:13,03/26/2024 11:14:42,3min 30sec,,,,,,,,
ZNM4,5,1,0.015625,49137413968,49137413977,2,110 200,110 205,$31.25,03/27/2024 10:11:10,03/27/2024 10:11:40,30sec,,,,,,,,
ZNM4,5,1,0.015625,49137414000,49137414021,2,110 190,110 195,$31.25,03/27/2024 10:46:29,03/27/2024 10:48:06,1min 36sec,,,,,,,,
ZNM4,5,1,0.015625,49137414104,49137414095,2,110 190,110 195,$31.25,03/27/2024 11:42:20,03/27/2024 11:42:16,3sec,,,,,,,,
ZNM4,5,1,0.015625,49137414132,49137414141,2,110 220,110 225,$31.25,03/28/2024 10:08:45,03/28/2024 10:10:23,1min 38sec,,,,,,,,
ZNM4,5,1,0.015625,49137414206,49137414179,2,110 215,110 215,$0.00,03/28/2024 10:37:45,03/28/2024 10:30:19,7min 26sec,,,,,,,,
ZNM4,5,1,0.015625,49137414325,49137414307,1,110 200,110 205,$15.62,03/28/2024 11:43:48,03/28/2024 11:41:56,1min 51sec,,,,,,,,
ZNM4,5,1,0.015625,49137414330,49137414316,1,110 200,110 205,$15.62,03/28/2024 11:43:48,03/28/2024 11:42:12,1min 36sec,,,,,,,,
ZNM4,5,1,0.015625,49137414484,49137414459,1,110 000,110 000,$0.00,04/02/2024 10:00:52,04/02/2024 10:00:36,15sec,,,,,,,,
ZNM4,5,1,0.015625,49137414566,49137414581,5,110 005,110 005,$0.00,04/02/2024 10:41:05,04/02/2024 10:43:02,1min 57sec,,,,,,,,
ZNM4,5,1,0.015625,49137414757,49137414769,5,109 195,109 200,$78.12,04/03/2024 09:22:19,04/03/2024 09:23:10,50sec,,,,,,,,
ZNM4,5,1,0.015625,49137414783,49137414795,5,109 195,109 200,$78.12,04/03/2024 09:30:17,04/03/2024 09:31:01,43sec,,,,,,,,
ZNM4,5,1,0.015625,49137414812,49137414824,5,109 190,109 195,$78.12,04/03/2024 09:38:37,04/03/2024 09:39:41,1min 4sec,,,,,,,,
ZNM4,5,1,0.015625,49137414921,49137414909,5,109 240,109 240,$0.00,04/04/2024 08:44:21,04/04/2024 08:41:05,3min 15sec,,,,,,,,
ZNM4,5,1,0.015625,49137414932,49137414915,5,109 240,109 245,$78.12,04/04/2024 08:47:12,04/04/2024 08:44:19,2min 52sec,,,,,,,,
ZNM4,5,1,0.015625,49137414952,49137414961,5,109 220,109 225,$78.12,04/04/2024 09:26:24,04/04/2024 09:29:31,3min 7sec,,,,,,,,
ZNM4,5,1,0.015625,49137414981,49137414969,5,109 245,109 245,$0.00,04/04/2024 09:40:41,04/04/2024 09:37:40,3min 1sec,,,,,,,,
ZNM4,5,1,0.015625,49137415007,49137415031,5,109 235,109 230,$(78.12),04/04/2024 10:14:19,04/04/2024 10:16:37,2min 18sec,,,,,,,,
ZNM4,5,1,0.015625,49137415057,49137415069,5,109 240,109 240,$0.00,04/04/2024 10:45:03,04/04/2024 10:47:18,2min 14sec,,,,,,,,
ZNM4,5,1,0.015625,49137415253,49137415265,1,110 010,110 015,$15.62,04/05/2024 09:37:12,04/05/2024 09:40:19,3min 7sec,,,,,,,,
ZNM4,5,1,0.015625,49137415399,49137415411,1,109 300,109 300,$0.00,04/05/2024 10:25:06,04/05/2024 10:25:51,45sec,,,,,,,,
ZNM4,5,1,0.015625,49137415482,49137415503,1,109 305,109 305,$0.00,04/05/2024 10:39:54,04/05/2024 10:44:33,4min 39sec,,,,,,,,
ZNM4,5,1,0.015625,49137415585,49137415599,1,109 070,109 075,$15.62,04/08/2024 09:38:29,04/08/2024 09:39:45,1min 15sec,,,,,,,,
ZNM4,5,1,0.015625,49137415679,49137415700,5,109 060,109 060,$0.00,04/08/2024 10:18:11,04/08/2024 10:20:34,2min 22sec,,,,,,,,
ZNM4,5,1,0.015625,49137415794,49137415767,5,109 145,109 130,$(234.38),04/09/2024 09:25:17,04/09/2024 09:23:20,1min 57sec,,,,,,,,
ZNM4,5,1,0.015625,49137415858,49137415918,5,109 130,109 130,$0.00,04/09/2024 10:07:40,04/09/2024 10:22:41,15min ,,,,,,,,
ZNM4,5,1,0.015625,49137415867,49137415918,5,109 125,109 130,$78.12,04/09/2024 10:11:50,04/09/2024 10:22:41,10min 50sec,,,,,,,,
ZNM4,5,1,0.015625,49137416052,49137416038,5,109 220,109 225,$78.12,04/10/2024 10:52:52,04/10/2024 10:50:03,2min 48sec,,,,,,,,
ZNM4,5,1,0.015625,49137416090,49137416099,3,108 225,108 230,$46.88,04/10/2024 15:39:00,04/10/2024 15:39:03,2sec,,,,,,,,
ZNM4,5,1,0.015625,49137416110,49137416119,3,108 225,108 230,$46.88,04/10/2024 15:39:59,04/10/2024 15:40:01,2sec,,,,,,,,
ZNM4,5,1,0.015625,49137416193,49137416202,3,108 195,108 200,$46.88,04/10/2024 15:55:44,04/10/2024 15:55:54,10sec,,,,,,,,
ZNM4,5,1,0.015625,49137416305,49137416296,3,108 085,108 090,$46.88,04/11/2024 09:15:09,04/11/2024 09:14:37,32sec,,,,,,,,
ZNM4,5,1,0.015625,49137416346,49137416355,3,108 075,108 080,$46.88,04/11/2024 09:28:20,04/11/2024 09:28:57,37sec,,,,,,,,
ZNM4,5,1,0.015625,49137416432,49137416462,3,108 060,108 055,$(46.88),04/11/2024 09:49:49,04/11/2024 09:50:50,1min 1sec,,,,,,,,
ZNM4,5,1,0.015625,49137416518,49137416527,1,108 060,108 065,$15.62,04/11/2024 10:15:58,04/11/2024 10:16:02,3sec,,,,,,,,
ZNM4,5,1,0.015625,49137416761,49137416770,3,108 110,108 115,$46.88,04/12/2024 10:30:39,04/12/2024 10:31:50,1min 11sec,,,,,,,,
ZNM4,5,1,0.015625,49137416886,49137416877,3,108 195,108 200,$46.88,04/12/2024 15:47:55,04/12/2024 15:47:49,5sec,,,,,,,,
ZNM4,5,1,0.015625,49137416953,49137416964,3,108 105,108 110,$46.88,04/15/2024 09:24:07,04/15/2024 09:24:19,11sec,,,,,,,,
ZNM4,5,1,0.015625,49137417058,49137417067,3,108 095,108 100,$46.88,04/15/2024 09:58:40,04/15/2024 09:59:03,23sec,,,,,,,,
ZNM4,5,1,0.015625,49137417093,49137417105,3,108 090,108 095,$46.88,04/15/2024 10:04:55,04/15/2024 10:05:08,12sec,,,,,,,,
ZNM4,5,1,0.015625,49137417211,49137417193,3,108 090,108 090,$0.00,04/15/2024 10:53:20,04/15/2024 10:52:26,54sec,,,,,,,,
ZNM4,5,1,0.015625,49137417242,49137417258,3,107 260,107 260,$0.00,04/16/2024 09:12:31,04/16/2024 09:12:35,3sec,,,,,,,,
ZNM4,5,1,0.015625,49137417338,49137417299,1,107 275,107 275,$0.00,04/16/2024 09:29:30,04/16/2024 09:29:09,20sec,,,,,,,,
ZNM4,5,1,0.015625,49137417338,49137417308,2,107 275,107 275,$0.00,04/16/2024 09:29:30,04/16/2024 09:29:21,8sec,,,,,,,,
ZNM4,5,1,0.015625,49137417384,49137417393,3,107 270,107 275,$46.88,04/16/2024 10:32:23,04/16/2024 10:32:30,7sec,,,,,,,,
ZNM4,5,1,0.015625,49137417533,49137417524,3,107 175,107 180,$46.88,04/16/2024 15:47:04,04/16/2024 15:46:44,20sec,,,,,,,,
ZNM4,5,1,0.015625,49137417625,49137417616,3,107 190,107 195,$46.88,04/16/2024 16:02:35,04/16/2024 16:02:30,5sec,,,,,,,,
ZNM4,5,1,0.015625,49137417683,49137417692,3,107 205,107 210,$46.88,04/17/2024 09:10:51,04/17/2024 09:11:32,40sec,,,,,,,,
ZNM4,5,1,0.015625,49137417835,49137417850,3,107 220,107 220,$0.00,04/17/2024 10:06:48,04/17/2024 10:07:03,15sec,,,,,,,,
ZNM4,5,1,0.015625,49137417888,49137417923,3,107 245,107 245,$0.00,04/17/2024 10:29:31,04/17/2024 10:31:27,1min 55sec,,,,,,,,
ZNM4,5,1,0.015625,49137417897,49137417946,3,107 240,107 250,$93.75,04/17/2024 10:30:37,04/17/2024 10:31:48,1min 10sec,,,,,,,,
ZNM4,5,1,0.015625,49137418022,49137418031,3,108 070,108 075,$46.88,04/18/2024 09:04:19,04/18/2024 09:04:39,20sec,,,,,,,,
ZNM4,5,1,0.015625,49137418093,49137418084,3,108 055,108 060,$46.88,04/18/2024 09:44:36,04/18/2024 09:44:24,11sec,,,,,,,,
ZNM4,5,1,0.015625,49137418113,49137418101,3,108 070,108 070,$0.00,04/18/2024 09:47:43,04/18/2024 09:47:35,8sec,,,,,,,,
ZNM4,5,1,0.015625,49137418202,49137418211,3,107 255,107 260,$46.88,04/18/2024 16:39:23,04/18/2024 16:39:27,3sec,,,,,,,,
ZNM4,5,1,0.015625,49137418323,49137418340,3,107 220,107 220,$0.00,04/22/2024 10:46:00,04/22/2024 10:46:08,8sec,,,,,,,,
ZNM4,5,1,0.015625,49137418404,49137418420,3,107 285,107 285,$0.00,04/23/2024 08:52:52,04/23/2024 08:53:12,19sec,,,,,,,,
ZNM4,5,1,0.015625,49137418434,49137418458,3,107 275,107 275,$0.00,04/23/2024 09:04:21,04/23/2024 09:06:03,1min 42sec,,,,,,,,
ZNM4,5,1,0.015625,49137418443,49137418458,3,107 270,107 275,$46.88,04/23/2024 09:05:17,04/23/2024 09:06:03,46sec,,,,,,,,
ZNM4,5,1,0.015625,49137418507,49137418516,3,107 260,107 265,$46.88,04/23/2024 09:30:00,04/23/2024 09:30:01,,,,,,,,,
ZNM4,5,1,0.015625,49137418569,49137418583,3,107 255,107 260,$46.88,04/23/2024 10:12:51,04/23/2024 10:12:59,7sec,,,,,,,,
ZNM4,5,1,0.015625,49137418660,49137418654,3,108 060,108 065,$46.88,04/23/2024 16:13:28,04/23/2024 16:13:24,3sec,,,,,,,,
ZNM4,5,1,0.015625,49137418745,49137418791,3,107 275,107 275,$0.00,04/24/2024 10:25:27,04/24/2024 10:25:51,23sec,,,,,,,,
ZNM4,5,1,0.015625,49137418762,49137418813,3,107 280,107 275,$(46.88),04/24/2024 10:25:32,04/24/2024 10:26:07,34sec,,,,,,,,
ZNM4,5,1,0.015625,49137418907,49137418887,3,107 275,107 270,$(46.88),04/24/2024 14:40:46,04/24/2024 14:40:08,38sec,,,,,,,,
ZNM4,5,1,0.015625,49137418957,49137418966,3,107 225,107 230,$46.88,04/24/2024 14:55:19,04/24/2024 14:55:20,1sec,,,,,,,,
ZNM4,5,1,0.015625,49137419022,49137419010,3,107 250,107 250,$0.00,04/24/2024 15:03:34,04/24/2024 15:03:24,9sec,,,,,,,,
ZNM4,5,1,0.015625,49137419089,49137419072,1,107 265,107 250,$(46.88),04/24/2024 15:12:31,04/24/2024 15:08:58,3min 32sec,,,,,,,,
ZNM4,5,1,0.015625,49137419107,49137419072,2,107 265,107 250,$(93.75),04/24/2024 15:12:31,04/24/2024 15:08:58,3min 33sec,,,,,,,,
ZNM4,5,1,0.015625,49137419133,49137419086,3,107 255,107 260,$46.88,04/24/2024 15:14:38,04/24/2024 15:12:31,2min 6sec,,,,,,,,
ZNM4,5,1,0.015625,49137419138,49137419174,3,107 255,107 255,$0.00,04/24/2024 15:14:38,04/24/2024 15:21:23,6min 45sec,,,,,,,,
ZNM4,5,1,0.015625,49137419283,49137419253,3,107 265,107 265,$0.00,04/25/2024 09:40:29,04/25/2024 09:39:22,1min 6sec,,,,,,,,
ZNM4,5,1,0.015625,49137419288,49137419265,3,107 265,107 270,$46.88,04/25/2024 09:40:29,04/25/2024 09:39:52,37sec,,,,,,,,
ZNM4,5,1,0.015625,49137419299,49137419329,3,107 260,107 265,$46.88,04/25/2024 09:56:28,04/25/2024 09:56:46,17sec,,,,,,,,
ZNM4,5,1,0.015625,49137419334,49137419361,1,107 245,107 250,$15.62,04/25/2024 10:11:47,04/25/2024 10:16:30,4min 43sec,,,,,,,,
ZNM4,5,1,0.015625,49137419343,49137419366,1,107 245,107 250,$15.62,04/25/2024 10:12:00,04/25/2024 10:16:30,4min 30sec,,,,,,,,
ZNM4,5,1,0.015625,49137419352,49137419371,1,107 245,107 250,$15.62,04/25/2024 10:12:03,04/25/2024 10:16:30,4min 27sec,,,,,,,,
ZNM4,5,1,0.015625,49137419513,49137419492,3,107 170,107 170,$0.00,04/26/2024 09:48:38,04/26/2024 09:47:05,1min 32sec,,,,,,,,
ZNM4,5,1,0.015625,49137419530,49137419539,3,107 165,107 170,$46.88,04/26/2024 10:05:56,04/26/2024 10:06:43,46sec,,,,,,,,
ZNM4,5,1,0.015625,49137419547,49137419556,3,107 160,107 165,$46.88,04/26/2024 10:21:58,04/26/2024 10:22:26,27sec,,,,,,,,
ZNM4,5,1,0.015625,49137419564,49137419573,3,107 155,107 160,$46.88,04/26/2024 10:28:29,04/26/2024 10:29:21,51sec,,,,,,,,
ZNM4,5,1,0.015625,49137419625,49137419645,2,107 225,107 230,$31.25,04/29/2024 09:49:43,04/29/2024 09:53:04,3min 20sec,,,,,,,,
ZNM4,5,1,0.015625,49137419636,49137419650,1,107 225,107 230,$15.62,04/29/2024 09:49:52,04/29/2024 09:53:04,3min 11sec,,,,,,,,
ZNM4,5,1,0.015625,49137419694,49137419685,3,107 240,107 245,$46.88,04/29/2024 10:17:28,04/29/2024 10:17:27,,,,,,,,,
ZNM4,5,1,0.015625,49137419804,49137419819,3,107 235,107 235,$0.00,04/29/2024 15:17:24,04/29/2024 15:19:26,2min 1sec,,,,,,,,
ZNM4,5,1,0.015625,49137419877,49137419934,3,107 250,107 245,$(46.88),04/29/2024 15:37:20,04/29/2024 15:42:33,5min 12sec,,,,,,,,
ZNM4,5,1,0.015625,49137419886,49137419934,3,107 245,107 245,$0.00,04/29/2024 15:37:22,04/29/2024 15:42:33,5min 11sec,,,,,,,,
ZNM4,5,1,0.015625,49137419913,49137419934,3,107 240,107 245,$46.88,04/29/2024 15:39:02,04/29/2024 15:42:33,3min 31sec,,,,,,,,
ZNM4,5,1,0.015625,49137419972,49137419996,3,107 275,107 275,$0.00,04/30/2024 09:21:27,04/30/2024 09:24:01,2min 34sec,,,,,,,,
ZNM4,5,1,0.015625,49137419981,49137419996,3,107 270,107 275,$46.88,04/30/2024 09:23:59,04/30/2024 09:24:01,2sec,,,,,,,,
ZNM4,5,1,0.015625,71932960016,71932960022,1,107 275,107 280,$15.62,04/30/2024 09:30:41,04/30/2024 09:30:41,,,,,,,,,
ZNM4,5,1,0.015625,71932960035,71932960044,3,107 270,107 275,$46.88,04/30/2024 09:34:25,04/30/2024 09:35:20,54sec,,,,,,,,
ZNM4,5,1,0.015625,71932960078,71932960088,3,107 310,107 315,$46.88,05/02/2024 09:15:34,05/02/2024 09:18:08,2min 34sec,,,,,,,,
ZNM4,5,1,0.015625,71932960096,71932960105,3,107 305,107 310,$46.88,05/02/2024 09:23:24,05/02/2024 09:24:12,47sec,,,,,,,,
ZNM4,5,1,0.015625,71932960340,71932960325,3,108 100,108 105,$46.88,05/03/2024 10:56:38,05/03/2024 10:55:24,1min 13sec,,,,,,,,
ZNM4,5,1,0.015625,71932960386,71932960397,3,108 310,108 315,$46.88,05/06/2024 09:23:43,05/06/2024 09:31:37,7min 54sec,,,,,,,,
ZNM4,5,1,0.015625,71932960501,71932960480,3,108 315,108 315,$0.00,05/06/2024 10:58:19,05/06/2024 10:56:52,1min 27sec,,,,,,,,
ZNM4,5,1,0.015625,71932960616,71932960607,3,109 025,109 030,$46.88,05/07/2024 09:43:54,05/07/2024 09:43:28,26sec,,,,,,,,
ZNM4,5,1,0.015625,71932960647,71932960662,3,109 025,109 015,$(93.75),05/07/2024 10:02:16,05/07/2024 10:06:28,4min 12sec,,,,,,,,
ZNM4,5,1,0.015625,71932960697,71932960688,1,109 010,109 015,$15.62,05/07/2024 10:57:48,05/07/2024 10:57:27,20sec,,,,,,,,
ZNM4,5,1,0.015625,71932960714,71932960705,2,109 010,109 015,$31.25,05/07/2024 11:00:17,05/07/2024 10:59:13,1min 4sec,,,,,,,,
ZNM4,5,1,0.015625,71932960823,71932960881,3,108 250,108 245,$(46.88),05/13/2024 09:36:46,05/13/2024 09:40:07,3min 21sec,,,,,,,,
ZNM4,5,1,0.015625,71932960849,71932960910,3,108 245,108 250,$46.88,05/13/2024 09:39:05,05/13/2024 09:45:22,6min 16sec,,,,,,,,
ZNM4,5,1,0.015625,71932960951,71932960918,3,108 250,108 250,$0.00,05/13/2024 09:53:08,05/13/2024 09:45:51,7min 17sec,,,,,,,,
ZNM4,5,1,0.015625,71932961061,71932961070,3,108 240,108 245,$46.88,05/13/2024 10:59:58,05/13/2024 11:00:19,20sec,,,,,,,,
ZNM4,5,1,0.015625,71932961099,71932961111,3,108 280,108 285,$46.88,05/13/2024 15:53:19,05/13/2024 15:57:32,4min 13sec,,,,,,,,
ZNM4,5,1,0.015625,71932961196,71932961205,1,108 275,108 280,$15.62,05/14/2024 10:13:45,05/14/2024 10:18:09,4min 24sec,,,,,,,,
ZNM4,5,1,0.015625,71932961213,71932961222,2,108 275,108 280,$31.25,05/14/2024 10:20:43,05/14/2024 10:21:01,17sec,,,,,,,,
ZNM4,5,1,0.015625,71932961242,71932961251,3,108 275,108 280,$46.88,05/14/2024 10:45:20,05/14/2024 10:48:15,2min 55sec,,,,,,,,
ZNM4,5,1,0.015625,71932961259,71932961273,1,108 270,108 275,$15.62,05/14/2024 10:51:20,05/14/2024 10:54:53,3min 32sec,,,,,,,,
ZNM4,5,1,0.015625,71932961325,71932961367,3,109 060,109 065,$46.88,05/15/2024 09:48:24,05/15/2024 09:52:58,4min 33sec,,,,,,,,
ZNM4,5,1,0.015625,71932961408,71932961459,3,109 070,109 075,$46.88,05/15/2024 10:42:46,05/15/2024 10:45:05,2min 18sec,,,,,,,,
ZNM4,5,1,0.015625,71932961476,71932961488,1,109 065,109 070,$15.62,05/15/2024 10:49:57,05/15/2024 10:50:05,7sec,,,,,,,,
ZNM4,5,1,0.015625,71932961476,71932961508,1,109 065,109 070,$15.62,05/15/2024 10:49:57,05/15/2024 10:50:50,52sec,,,,,,,,
ZNM4,5,1,0.015625,71932961476,71932961516,1,109 065,109 070,$15.62,05/15/2024 10:49:57,05/15/2024 10:50:54,56sec,,,,,,,,
ZNM4,5,1,0.015625,71932961544,71932961553,3,109 250,109 255,$46.88,05/16/2024 09:09:45,05/16/2024 09:12:38,2min 53sec,,,,,,,,
ZNM4,5,1,0.015625,71932961591,71932961618,3,109 260,109 260,$0.00,05/16/2024 10:08:01,05/16/2024 10:18:02,10min ,,,,,,,,
ZNM4,5,1,0.015625,71932961623,71932961660,1,109 250,109 255,$15.62,05/16/2024 10:18:31,05/16/2024 10:20:08,1min 36sec,,,,,,,,
ZNM4,5,1,0.015625,71932961623,71932961665,1,109 250,109 255,$15.62,05/16/2024 10:18:31,05/16/2024 10:20:08,1min 36sec,,,,,,,,
ZNM4,5,1,0.015625,71932961623,71932961670,1,109 250,109 255,$15.62,05/16/2024 10:18:31,05/16/2024 10:20:08,1min 36sec,,,,,,,,
ZNM4,5,1,0.015625,71932961758,71932961767,3,109 140,109 145,$46.88,05/17/2024 09:56:28,05/17/2024 09:56:33,4sec,,,,,,,,
ZNM4,5,1,0.015625,71932961805,71932961778,1,109 145,109 145,$0.00,05/17/2024 09:56:56,05/17/2024 09:56:33,22sec,,,,,,,,
ZNM4,5,1,0.015625,71932961813,71932961825,1,109 145,109 145,$0.00,05/17/2024 09:57:12,05/17/2024 09:57:28,15sec,,,,,,,,
ZNM4,5,1,0.015625,71932961836,71932961825,1,109 145,109 145,$0.00,05/17/2024 10:02:09,05/17/2024 09:57:28,4min 41sec,,,,,,,,
ZNM4,5,1,0.015625,71932961841,71932961825,1,109 145,109 145,$0.00,05/17/2024 10:02:09,05/17/2024 09:57:28,4min 41sec,,,,,,,,
ZNM4,5,1,0.015625,71932961968,71932961991,3,109 030,109 035,$46.88,05/21/2024 09:38:24,05/21/2024 10:08:25,30min ,,,,,,,,
ZNM4,5,1,0.015625,71932962089,71932962080,3,109 090,109 095,$46.88,05/21/2024 15:59:52,05/21/2024 15:52:25,7min 27sec,,,,,,,,
ZNM4,5,1,0.015625,71932962109,71932962118,3,109 080,109 085,$46.88,05/21/2024 16:14:58,05/21/2024 16:16:12,1min 14sec,,,,,,,,
ZNM4,5,1,0.015625,71932962158,71932962149,1,109 010,109 015,$15.62,05/22/2024 09:07:55,05/22/2024 09:05:39,2min 15sec,,,,,,,,
ZNM4,5,1,0.015625,71932962163,71932962149,2,109 010,109 015,$31.25,05/22/2024 09:07:55,05/22/2024 09:05:39,2min 16sec,,,,,,,,
ZNM4,5,1,0.015625,71932962180,71932962195,3,109 000,109 000,$0.00,05/22/2024 09:29:28,05/22/2024 09:32:03,2min 35sec,,,,,,,,
ZNM4,5,1,0.015625,71932962254,71932962275,3,109 010,109 010,$0.00,05/22/2024 10:42:20,05/22/2024 10:49:59,7min 39sec,,,,,,,,
ZNM4,5,1,0.015625,71932962346,71932962355,3,109 020,109 025,$46.88,05/22/2024 16:40:06,05/22/2024 16:40:07,,,,,,,,,
ZNM4,5,1,0.015625,71932962372,71932962363,3,109 030,109 035,$46.88,05/22/2024 16:43:46,05/22/2024 16:43:37,9sec,,,,,,,,
ZNM4,5,1,0.015625,71932962448,71932962478,3,109 005,109 000,$(46.88),05/23/2024 09:53:34,05/23/2024 09:59:02,5min 28sec,,,,,,,,
ZNM4,5,1,0.015625,71932962457,71932962478,3,108 315,109 000,$46.88,05/23/2024 09:57:59,05/23/2024 09:59:02,1min 3sec,,,,,,,,
ZNM4,5,1,0.015625,71932962575,71932962566,3,109 000,109 005,$46.88,05/23/2024 11:04:53,05/23/2024 11:03:15,1min 37sec,,,,,,,,
ZNM4,5,1,0.015625,71932962630,71932962671,3,108 235,108 240,$46.88,05/24/2024 09:59:42,05/24/2024 10:13:41,13min 58sec,,,,,,,,
ZNM4,5,1,0.015625,71932962639,71932962671,3,108 230,108 240,$93.75,05/24/2024 10:02:05,05/24/2024 10:13:41,11min 35sec,,,,,,,,
ZNU4,5,1,0.015625,84323961666,84323961676,3,110 105,110 110,$46.88,06/26/2024 09:50:20,06/26/2024 09:51:38,1min 18sec,,,,,,,,
ZNU4,5,1,0.015625,84323961797,84323961807,3,110 060,110 065,$46.88,06/28/2024 09:43:16,06/28/2024 09:43:43,27sec,,,,,,,,
ZNU4,5,1,0.015625,84323961910,84323961921,3,109 205,109 210,$46.88,07/01/2024 09:16:30,07/01/2024 09:16:33,3sec,,,,,,,,
ZNU4,5,1,0.015625,84323961935,84323961950,3,109 205,109 205,$0.00,07/01/2024 09:57:57,07/01/2024 09:59:55,1min 57sec,,,,,,,,
ZNU4,5,1,0.015625,84323961958,84323961997,1,109 195,109 200,$15.62,07/01/2024 10:01:13,07/01/2024 10:01:24,10sec,,,,,,,,
ZNU4,5,1,0.015625,84323961961,84323961997,1,109 195,109 200,$15.62,07/01/2024 10:01:14,07/01/2024 10:01:24,10sec,,,,,,,,
ZNU4,5,1,0.015625,84323961982,84323961997,1,109 195,109 200,$15.62,07/01/2024 10:01:20,07/01/2024 10:01:24,4sec,,,,,,,,
ZNU4,5,1,0.015625,84323962059,84323962069,3,109 130,109 135,$46.88,07/03/2024 09:34:36,07/03/2024 09:34:42,5sec,,,,,,,,
ZNU4,5,1,0.015625,84323962171,84323962160,3,110 145,110 150,$46.88,07/08/2024 09:15:36,07/08/2024 09:14:54,41sec,,,,,,,,
ZNU4,5,1,0.015625,84323962218,84323962233,3,110 130,110 130,$0.00,07/08/2024 09:58:48,07/08/2024 09:58:54,5sec,,,,,,,,
ZNU4,5,1,0.015625,84323962312,84323962322,3,110 125,110 130,$46.88,07/10/2024 08:49:30,07/10/2024 08:49:38,7sec,,,,,,,,
ZNU4,5,1,0.015625,84323962369,84323962378,1,110 145,110 150,$15.62,07/10/2024 10:34:27,07/10/2024 10:34:32,5sec,,,,,,,,
ZNU4,5,1,0.015625,84323962398,84323962389,1,110 155,110 160,$15.62,07/10/2024 10:48:08,07/10/2024 10:47:54,14sec,,,,,,,,
ZNU4,5,1,0.015625,84323962471,84323962480,1,110 130,110 135,$15.62,07/11/2024 09:41:22,07/11/2024 09:46:18,4min 56sec,,,,,,,,
ZNU4,5,1,0.015625,84323962551,84323962581,1,110 145,110 145,$0.00,07/11/2024 10:23:43,07/11/2024 10:28:50,5min 7sec,,,,,,,,
ZNU4,5,1,0.015625,84323962646,84323962637,3,110 165,110 170,$46.88,07/11/2024 11:11:48,07/11/2024 11:11:06,42sec,,,,,,,,
ZNU4,5,1,0.015625,84323962725,84323962710,3,110 315,110 315,$0.00,07/12/2024 10:15:18,07/12/2024 10:12:51,2min 26sec,,,,,,,,
ZNU4,5,1,0.015625,84323962754,84323962763,3,110 295,110 300,$46.88,07/12/2024 10:46:08,07/12/2024 10:46:56,48sec,,,,,,,,
ZNU4,5,1,0.015625,84323962905,84323962894,1,111 085,111 090,$15.62,07/17/2024 09:04:48,07/17/2024 09:03:24,1min 23sec,,,,,,,,
ZNU4,5,1,0.015625,84323962985,84323962928,1,111 100,111 090,$(31.25),07/17/2024 10:03:35,07/17/2024 10:01:06,2min 29sec,,,,,,,,
ZNU4,5,1,0.015625,84323962985,84323962931,2,111 100,111 090,$(62.50),07/17/2024 10:03:35,07/17/2024 10:01:06,2min 28sec,,,,,,,,
ZNU4,5,1,0.015625,84323962985,84323962964,3,111 100,111 100,$0.00,07/17/2024 10:03:35,07/17/2024 10:02:31,1min 4sec,,,,,,,,
ZNU4,5,1,0.015625,84323963017,84323963026,3,111 095,111 100,$46.88,07/18/2024 09:18:20,07/18/2024 09:22:51,4min 31sec,,,,,,,,
ZNU4,5,1,0.015625,84323963034,84323963043,3,111 085,111 090,$46.88,07/18/2024 09:42:47,07/18/2024 09:42:56,9sec,,,,,,,,
ZNU4,5,1,0.015625,84323963054,84323963063,3,111 070,111 075,$46.88,07/18/2024 10:44:07,07/18/2024 10:44:10,3sec,,,,,,,,
ZNU4,5,1,0.015625,84323963106,84323963091,3,111 045,111 030,$(140.62),07/19/2024 08:52:30,07/19/2024 08:50:39,1min 51sec,,,,,,,,
ZNU4,5,1,0.015625,84323963149,84323963160,5,110 290,110 295,$78.12,07/22/2024 10:22:29,07/22/2024 10:23:40,1min 11sec,,,,,,,,
ZNU4,5,1,0.015625,84323963218,84323963257,1,110 255,110 260,$15.62,07/23/2024 10:09:50,07/23/2024 10:12:43,2min 52sec,,,,,,,,
ZNU4,5,1,0.015625,84323963227,84323963257,1,110 255,110 260,$15.62,07/23/2024 10:10:19,07/23/2024 10:12:43,2min 23sec,,,,,,,,
ZNU4,5,1,0.015625,84323963242,84323963257,3,110 255,110 260,$46.88,07/23/2024 10:11:21,07/23/2024 10:12:43,1min 21sec,,,,,,,,
ZNU4,5,1,0.015625,84323963326,84323963310,2,110 315,110 315,$0.00,07/25/2024 09:21:47,07/25/2024 09:21:21,25sec,,,,,,,,
ZNU4,5,1,0.015625,84323963361,84323963346,2,111 005,111 005,$0.00,07/25/2024 09:27:16,07/25/2024 09:25:37,1min 39sec,,,,,,,,
ZNU4,5,1,0.015625,84323963410,84323963419,5,110 255,110 260,$78.12,07/26/2024 09:03:06,07/26/2024 09:04:00,54sec,,,,,,,,
ZNU4,5,1,0.015625,84323963433,84323963442,5,110 245,110 250,$78.12,07/26/2024 09:14:47,07/26/2024 09:14:49,1sec,,,,,,,,
ZNU4,5,1,0.015625,84323963450,84323963459,5,110 240,110 245,$78.12,07/26/2024 09:25:41,07/26/2024 09:26:03,21sec,,,,,,,,
ZNU4,5,1,0.015625,84323963586,84323963597,2,111 090,111 095,$31.25,07/30/2024 09:20:18,07/30/2024 09:20:33,14sec,,,,,,,,
ZNU4,5,1,0.015625,84323963605,84323963614,3,111 090,111 095,$46.88,07/30/2024 09:20:47,07/30/2024 09:20:48,,,,,,,,,
ZNU4,5,1,0.015625,84323963664,84323963688,5,111 085,111 085,$0.00,07/30/2024 10:13:59,07/30/2024 10:16:53,2min 53sec,,,,,,,,
ZNU4,5,1,0.015625,84323963673,84323963688,5,111 080,111 085,$78.12,07/30/2024 10:16:10,07/30/2024 10:16:53,43sec,,,,,,,,
ZNU4,5,1,0.015625,84323963722,84323963731,5,111 080,111 085,$78.12,07/30/2024 11:21:03,07/30/2024 11:21:30,26sec,,,,,,,,
ZNU4,5,1,0.015625,84323963756,84323963780,3,111 175,111 180,$46.88,07/31/2024 08:39:01,07/31/2024 08:39:34,33sec,,,,,,,,
ZNU4,5,1,0.015625,84323963765,84323963780,2,111 175,111 180,$31.25,07/31/2024 08:39:05,07/31/2024 08:39:34,28sec,,,,,,,,
ZNU4,5,1,0.015625,84323963889,84323963904,5,111 180,111 180,$0.00,07/31/2024 10:48:26,07/31/2024 10:55:00,6min 33sec,,,,,,,,
ZNU4,5,1,0.015625,84323963927,84323963939,2,111 165,111 170,$31.25,07/31/2024 11:12:07,07/31/2024 11:12:15,8sec,,,,,,,,
ZNU4,5,1,0.015625,84323963930,84323963939,3,111 165,111 170,$46.88,07/31/2024 11:12:07,07/31/2024 11:12:15,8sec,,,,,,,,
ZNU4,5,1,0.015625,84323963960,84323964029,3,112 035,112 035,$0.00,08/01/2024 09:40:55,08/01/2024 09:46:20,5min 25sec,,,,,,,,
ZNU4,5,1,0.015625,84323963969,84323964029,1,112 030,112 035,$15.62,08/01/2024 09:44:49,08/01/2024 09:46:20,1min 31sec,,,,,,,,
ZNU4,5,1,0.015625,84323963984,84323964029,1,112 030,112 035,$15.62,08/01/2024 09:45:09,08/01/2024 09:46:20,1min 11sec,,,,,,,,
ZNU4,5,1,0.015625,84323963999,84323964029,1,112 030,112 035,$15.62,08/01/2024 09:45:29,08/01/2024 09:46:20,50sec,,,,,,,,
ZNU4,5,1,0.015625,84323964014,84323964029,2,112 030,112 035,$31.25,08/01/2024 09:45:53,08/01/2024 09:46:20,27sec,,,,,,,,
ZNU4,5,1,0.015625,84323964078,84323964087,5,112 030,112 035,$78.12,08/01/2024 10:30:47,08/01/2024 10:31:00,13sec,,,,,,,,
ZNU4,5,1,0.015625,84323964160,84323964178,2,112 280,112 285,$31.25,08/02/2024 09:28:47,08/02/2024 09:29:04,17sec,,,,,,,,
ZNU4,5,1,0.015625,84323964195,84323964201,2,112 280,112 285,$31.25,08/02/2024 09:44:20,08/02/2024 09:45:09,49sec,,,,,,,,
ZNU4,5,1,0.015625,84323964206,84323964212,2,112 270,112 275,$31.25,08/02/2024 10:02:35,08/02/2024 10:02:36,,,,,,,,,
ZNU4,5,1,0.015625,84323964229,84323964253,1,112 275,112 280,$15.62,08/02/2024 10:54:59,08/02/2024 10:55:12,13sec,,,,,,,,
ZNU4,5,1,0.015625,84323964238,84323964253,1,112 275,112 280,$15.62,08/02/2024 10:55:12,08/02/2024 10:55:12,,,,,,,,,
ZNU4,5,1,0.015625,84323964309,84323964298,1,112 285,112 290,$15.62,08/09/2024 11:31:34,08/09/2024 11:31:33,1sec,,,,,,,,
ZNU4,5,1,0.015625,84323964326,84323964317,1,112 285,112 290,$15.62,08/09/2024 11:32:19,08/09/2024 11:31:39,40sec,,,,,,,,
ZNU4,5,1,0.015625,84323964422,84323964405,2,113 095,113 100,$31.25,08/16/2024 12:58:28,08/16/2024 12:52:49,5min 39sec,,,,,,,,
ZNU4,5,1,0.015625,84323964486,84323964497,2,113 060,113 065,$31.25,08/20/2024 11:45:07,08/20/2024 11:45:27,19sec,,,,,,,,
ZBZ4,5,1,0.03125,84323964558,84323964566,2,123 25,123 26,$62.50,08/30/2024 09:40:19,08/30/2024 09:40:33,14sec,,,,,,,,
ZBZ4,5,1,0.03125,84323964625,84323964634,1,123 28,123 29,$31.25,08/30/2024 10:44:42,08/30/2024 10:45:18,35sec,,,,,,,,
,,,,,,,,,,,,,,,,,,,,
,,,,,,,,,,,,,,,,,,,,
,,,,,,,,,,,,,,,,,,,,
,,,,,,,,,,,,,,,,,,,,
,,,,,,,,,,,,,,,,,,,,
,,,,,,,,,,,,,,,,,,,,
,,,,,,,,,,,,,,,,,,,,
,,,,,,,,,,,,,,,,,,,,
,,,,,,,,,,,,,,,,,,,,
,,,,,,,,,,,,,,,,,,,,
,,,,,,,,,,,,,,,,,,,,
,,,,,,,,,,,,,,,,,,,,
,,,,,,,,,,,,,,,,,,,,
,,,,,,,,,,,,,,,,,,,,
,,,,,,,,,,,,,,,,,,,,
,,,,,,,,,,,,,,,,,,,,
,,,,,,,,,,,,,,,,,,,,
,,,,,,,,,,,,,,,,,,,,
,,,,,,,,,,,,,,,,,,,,
,,,,,,,,,,,,,,,,,,,,
,,,,,,,,,,,,,,,,,,,,
,,,,,,,,,,,,,,,,,,,,
,,,,,,,,,,,,,,,,,,,,
,,,,,,,,,,,,,,,,,,,,
,,,,,,,,,,,,,,,,,,,,
,,,,,,,,,,,,,,,,,,,,
,,,,,,,,,,,,,,,,,,,,
,,,,,,,,,,,,,,,,,,,,
,,,,,,,,,,,,,,,,,,,,
,,,,,,,,,,,,,,,,,,,,
,,,,,,,,,,,,,,,,,,,,
,,,,,,,,,,,,,,,,,,,,
,,,,,,,,,,,,,,,,,,,,
,,,,,,,,,,,,,,,,,,,,
,,,,,,,,,,,,,,,,,,,,
,,,,,,,,,,,,,,,,,,,,
,,,,,,,,,,,,,,,,,,,,
,,,,,,,,,,,,,,,,,,,,
,,,,,,,,,,,,,,,,,,,,
,,,,,,,,,,,,,,,,,,,,
,,,,,,,,,,,,,,,,,,,,
,,,,,,,,,,,,,,,,,,,,
,,,,,,,,,,,,,,,,,,,,
,,,,,,,,,,,,,,,,,,,,
,,,,,,,,,,,,,,,,,,,,
,,,,,,,,,,,,,,,,,,,,
,,,,,,,,,,,,,,,,,,,,
,,,,,,,,,,,,,,,,,,,,
,,,,,,,,,,,,,,,,,,,,
,,,,,,,,,,,,,,,,,,,,
,,,,,,,,,,,,,,,,,,,,
,,,,,,,,,,,,,,,,,,,,
,,,,,,,,,,,,,,,,,,,,
,,,,,,,,,,,,,,,,,,,,
,,,,,,,,,,,,,,,,,,,,
,,,,,,,,,,,,,,,,,,,,
,,,,,,,,,,,,,,,,,,,,
,,,,,,,,,,,,,,,,,,,,
,,,,,,,,,,,,,,,,,,,,
,,,,,,,,,,,,,,,,,,,,
,,,,,,,,,,,,,,,,,,,,
,,,,,,,,,,,,,,,,,,,,
,,,,,,,,,,,,,,,,,,,,
,,,,,,,,,,,,,,,,,,,,
,,,,,,,,,,,,,,,,,,,,
,,,,,,,,,,,,,,,,,,,,
,,,,,,,,,,,,,,,,,,,,
,,,,,,,,,,,,,,,,,,,,
,,,,,,,,,,,,,,,,,,,,
,,,,,,,,,,,,,,,,,,,,
,,,,,,,,,,,,,,,,,,,,
,,,,,,,,,,,,,,,,,,,,
,,,,,,,,,,,,,,,,,,,,
,,,,,,,,,,,,,,,,,,,,
,,,,,,,,,,,,,,,,,,,,
,,,,,,,,,,,,,,,,,,,,
,,,,,,,,,,,,,,,,,,,,
,,,,,,,,,,,,,,,,,,,,
,,,,,,,,,,,,,,,,,,,,
,,,,,,,,,,,,,,,,,,,,
,,,,,,,,,,,,,,,,,,,,
,,,,,,,,,,,,,,,,,,,,
,,,,,,,,,,,,,,,,,,,,
,,,,,,,,,,,,,,,,,,,,
,,,,,,,,,,,,,,,,,,,,
,,,,,,,,,,,,,,,,,,,,
,,,,,,,,,,,,,,,,,,,,
,,,,,,,,,,,,,,,,,,,,
,,,,,,,,,,,,,,,,,,,,
,,,,,,,,,,,,,,,,,,,,
,,,,,,,,,,,,,,,,,,,,
,,,,,,,,,,,,,,,,,,,,
,,,,,,,,,,,,,,,,,,,,
,,,,,,,,,,,,,,,,,,,,
,,,,,,,,,,,,,,,,,,,,
,,,,,,,,,,,,,,,,,,,,
,,,,,,,,,,,,,,,,,,,,
,,,,,,,,,,,,,,,,,,,,
,,,,,,,,,,,,,,,,,,,,
,,,,,,,,,,,,,,,,,,,,
,,,,,,,,,,,,,,,,,,,,
,,,,,,,,,,,,,,,,,,,,
,,,,,,,,,,,,,,,,,,,,
,,,,,,,,,,,,,,,,,,,,
,,,,,,,,,,,,,,,,,,,,
,,,,,,,,,,,,,,,,,,,,
,,,,,,,,,,,,,,,,,,,,
,,,,,,,,,,,,,,,,,,,,
,,,,,,,,,,,,,,,,,,,,
,,,,,,,,,,,,,,,,,,,,
,,,,,,,,,,,,,,,,,,,,
,,,,,,,,,,,,,,,,,,,,
,,,,,,,,,,,,,,,,,,,,
,,,,,,,,,,,,,,,,,,,,
,,,,,,,,,,,,,,,,,,,,
,,,,,,,,,,,,,,,,,,,,
,,,,,,,,,,,,,,,,,,,,
,,,,,,,,,,,,,,,,,,,,
,,,,,,,,,,,,,,,,,,,,
,,,,,,,,,,,,,,,,,,,,
,,,,,,,,,,,,,,,,,,,,
,,,,,,,,,,,,,,,,,,,,
,,,,,,,,,,,,,,,,,,,,
,,,,,,,,,,,,,,,,,,,,
,,,,,,,,,,,,,,,,,,,,
,,,,,,,,,,,,,,,,,,,,
,,,,,,,,,,,,,,,,,,,,
,,,,,,,,,,,,,,,,,,,,
,,,,,,,,,,,,,,,,,,,,
,,,,,,,,,,,,,,,,,,,,
,,,,,,,,,,,,,,,,,,,,
,,,,,,,,,,,,,,,,,,,,
,,,,,,,,,,,,,,,,,,,,
,,,,,,,,,,,,,,,,,,,,
,,,,,,,,,,,,,,,,,,,,
,,,,,,,,,,,,,,,,,,,,
,,,,,,,,,,,,,,,,,,,,
,,,,,,,,,,,,,,,,,,,,
,,,,,,,,,,,,,,,,,,,,
,,,,,,,,,,,,,,,,,,,,
,,,,,,,,,,,,,,,,,,,,
,,,,,,,,,,,,,,,,,,,,
,,,,,,,,,,,,,,,,,,,,
,,,,,,,,,,,,,,,,,,,,
,,,,,,,,,,,,,,,,,,,,
,,,,,,,,,,,,,,,,,,,,
,,,,,,,,,,,,,,,,,,,,
,,,,,,,,,,,,,,,,,,,,
,,,,,,,,,,,,,,,,,,,,
,,,,,,,,,,,,,,,,,,,,
,,,,,,,,,,,,,,,,,,,,
,,,,,,,,,,,,,,,,,,,,
,,,,,,,,,,,,,,,,,,,,
,,,,,,,,,,,,,,,,,,,,
,,,,,,,,,,,,,,,,,,,,
,,,,,,,,,,,,,,,,,,,,
,,,,,,,,,,,,,,,,,,,,
,,,,,,,,,,,,,,,,,,,,
,,,,,,,,,,,,,,,,,,,,
,,,,,,,,,,,,,,,,,,,,
,,,,,,,,,,,,,,,,,,,,
,,,,,,,,,,,,,,,,,,,,
,,,,,,,,,,,,,,,,,,,,
,,,,,,,,,,,,,,,,,,,,
,,,,,,,,,,,,,,,,,,,,
,,,,,,,,,,,,,,,,,,,,
,,,,,,,,,,,,,,,,,,,,
,,,,,,,,,,,,,,,,,,,,
,,,,,,,,,,,,,,,,,,,,
,,,,,,,,,,,,,,,,,,,,
,,,,,,,,,,,,,,,,,,,,
,,,,,,,,,,,,,,,,,,,,
,,,,,,,,,,,,,,,,,,,,
,,,,,,,,,,,,,,,,,,,,
,,,,,,,,,,,,,,,,,,,,
,,,,,,,,,,,,,,,,,,,,
,,,,,,,,,,,,,,,,,,,,
,,,,,,,,,,,,,,,,,,,,
,,,,,,,,,,,,,,,,,,,,
,,,,,,,,,,,,,,,,,,,,
,,,,,,,,,,,,,,,,,,,,
,,,,,,,,,,,,,,,,,,,,
,,,,,,,,,,,,,,,,,,,,
,,,,,,,,,,,,,,,,,,,,
,,,,,,,,,,,,,,,,,,,,
,,,,,,,,,,,,,,,,,,,,
,,,,,,,,,,,,,,,,,,,,
,,,,,,,,,,,,,,,,,,,,
,,,,,,,,,,,,,,,,,,,,
,,,,,,,,,,,,,,,,,,,,
,,,,,,,,,,,,,,,,,,,,
,,,,,,,,,,,,,,,,,,,,
,,,,,,,,,,,,,,,,,,,,
,,,,,,,,,,,,,,,,,,,,
,,,,,,,,,,,,,,,,,,,,
,,,,,,,,,,,,,,,,,,,,
,,,,,,,,,,,,,,,,,,,,
,,,,,,,,,,,,,,,,,,,,
,,,,,,,,,,,,,,,,,,,,
,,,,,,,,,,,,,,,,,,,,
,,,,,,,,,,,,,,,,,,,,
,,,,,,,,,,,,,,,,,,,,
,,,,,,,,,,,,,,,,,,,,
,,,,,,,,,,,,,,,,,,,,
,,,,,,,,,,,,,,,,,,,,
,,,,,,,,,,,,,,,,,,,,
,,,,,,,,,,,,,,,,,,,,
,,,,,,,,,,,,,,,,,,,,
,,,,,,,,,,,,,,,,,,,,
,,,,,,,,,,,,,,,,,,,,
,,,,,,,,,,,,,,,,,,,,
,,,,,,,,,,,,,,,,,,,,
,,,,,,,,,,,,,,,,,,,,
,,,,,,,,,,,,,,,,,,,,
,,,,,,,,,,,,,,,,,,,,
,,,,,,,,,,,,,,,,,,,,
,,,,,,,,,,,,,,,,,,,,
,,,,,,,,,,,,,,,,,,,,
,,,,,,,,,,,,,,,,,,,,
,,,,,,,,,,,,,,,,,,,,
,,,,,,,,,,,,,,,,,,,,
,,,,,,,,,,,,,,,,,,,,
,,,,,,,,,,,,,,,,,,,,
,,,,,,,,,,,,,,,,,,,,
,,,,,,,,,,,,,,,,,,,,
,,,,,,,,,,,,,,,,,,,,
,,,,,,,,,,,,,,,,,,,,
,,,,,,,,,,,,,,,,,,,,
,,,,,,,,,,,,,,,,,,,,
,,,,,,,,,,,,,,,,,,,,
,,,,,,,,,,,,,,,,,,,,
,,,,,,,,,,,,,,,,,,,,
,,,,,,,,,,,,,,,,,,,,
,,,,,,,,,,,,,,,,,,,,
,,,,,,,,,,,,,,,,,,,,
,,,,,,,,,,,,,,,,,,,,
,,,,,,,,,,,,,,,,,,,,
,,,,,,,,,,,,,,,,,,,,
,,,,,,,,,,,,,,,,,,,,
,,,,,,,,,,,,,,,,,,,,
,,,,,,,,,,,,,,,,,,,,
,,,,,,,,,,,,,,,,,,,,
,,,,,,,,,,,,,,,,,,,,
,,,,,,,,,,,,,,,,,,,,
,,,,,,,,,,,,,,,,,,,,
,,,,,,,,,,,,,,,,,,,,
,,,,,,,,,,,,,,,,,,,,
,,,,,,,,,,,,,,,,,,,,
,,,,,,,,,,,,,,,,,,,,
,,,,,,,,,,,,,,,,,,,,
,,,,,,,,,,,,,,,,,,,,
,,,,,,,,,,,,,,,,,,,,
,,,,,,,,,,,,,,,,,,,,
,,,,,,,,,,,,,,,,,,,,
,,,,,,,,,,,,,,,,,,,,
,,,,,,,,,,,,,,,,,,,,
,,,,,,,,,,,,,,,,,,,,
,,,,,,,,,,,,,,,,,,,,
,,,,,,,,,,,,,,,,,,,,
,,,,,,,,,,,,,,,,,,,,
,,,,,,,,,,,,,,,,,,,,
,,,,,,,,,,,,,,,,,,,,
,,,,,,,,,,,,,,,,,,,,
,,,,,,,,,,,,,,,,,,,,
,,,,,,,,,,,,,,,,,,,,
,,,,,,,,,,,,,,,,,,,,
,,,,,,,,,,,,,,,,,,,,
,,,,,,,,,,,,,,,,,,,,
,,,,,,,,,,,,,,,,,,,,
,,,,,,,,,,,,,,,,,,,,
,,,,,,,,,,,,,,,,,,,,
,,,,,,,,,,,,,,,,,,,,
,,,,,,,,,,,,,,,,,,,,
,,,,,,,,,,,,,,,,,,,,
,,,,,,,,,,,,,,,,,,,,
,,,,,,,,,,,,,,,,,,,,
,,,,,,,,,,,,,,,,,,,,
,,,,,,,,,,,,,,,,,,,,
,,,,,,,,,,,,,,,,,,,,
,,,,,,,,,,,,,,,,,,,,
,,,,,,,,,,,,,,,,,,,,
,,,,,,,,,,,,,,,,,,,,
,,,,,,,,,,,,,,,,,,,,
,,,,,,,,,,,,,,,,,,,,
,,,,,,,,,,,,,,,,,,,,
,,,,,,,,,,,,,,,,,,,,
,,,,,,,,,,,,,,,,,,,,
,,,,,,,,,,,,,,,,,,,,
,,,,,,,,,,,,,,,,,,,,
,,,,,,,,,,,,,,,,,,,,
,,,,,,,,,,,,,,,,,,,,
,,,,,,,,,,,,,,,,,,,,
,,,,,,,,,,,,,,,,,,,,
,,,,,,,,,,,,,,,,,,,,
,,,,,,,,,,,,,,,,,,,,
,,,,,,,,,,,,,,,,,,,,
,,,,,,,,,,,,,,,,,,,,
,,,,,,,,,,,,,,,,,,,,
,,,,,,,,,,,,,,,,,,,,
,,,,,,,,,,,,,,,,,,,,
,,,,,,,,,,,,,,,,,,,,
,,,,,,,,,,,,,,,,,,,,
,,,,,,,,,,,,,,,,,,,,
,,,,,,,,,,,,,,,,,,,,
,,,,,,,,,,,,,,,,,,,,
,,,,,,,,,,,,,,,,,,,,
,,,,,,,,,,,,,,,,,,,,
,,,,,,,,,,,,,,,,,,,,
,,,,,,,,,,,,,,,,,,,,
,,,,,,,,,,,,,,,,,,,,
,,,,,,,,,,,,,,,,,,,,
,,,,,,,,,,,,,,,,,,,,
,,,,,,,,,,,,,,,,,,,,
,,,,,,,,,,,,,,,,,,,,
,,,,,,,,,,,,,,,,,,,,
,,,,,,,,,,,,,,,,,,,,
,,,,,,,,,,,,,,,,,,,,
,,,,,,,,,,,,,,,,,,,,
,,,,,,,,,,,,,,,,,,,,
,,,,,,,,,,,,,,,,,,,,
,,,,,,,,,,,,,,,,,,,,
,,,,,,,,,,,,,,,,,,,,
,,,,,,,,,,,,,,,,,,,,
,,,,,,,,,,,,,,,,,,,,
,,,,,,,,,,,,,,,,,,,,
,,,,,,,,,,,,,,,,,,,,
,,,,,,,,,,,,,,,,,,,,
,,,,,,,,,,,,,,,,,,,,
,,,,,,,,,,,,,,,,,,,,
,,,,,,,,,,,,,,,,,,,,
,,,,,,,,,,,,,,,,,,,,
,,,,,,,,,,,,,,,,,,,,
,,,,,,,,,,,,,,,,,,,,
,,,,,,,,,,,,,,,,,,,,
,,,,,,,,,,,,,,,,,,,,
,,,,,,,,,,,,,,,,,,,,
,,,,,,,,,,,,,,,,,,,,
,,,,,,,,,,,,,,,,,,,,
,,,,,,,,,,,,,,,,,,,,
,,,,,,,,,,,,,,,,,,,,
,,,,,,,,,,,,,,,,,,,,
,,,,,,,,,,,,,,,,,,,,
,,,,,,,,,,,,,,,,,,,,
,,,,,,,,,,,,,,,,,,,,
,,,,,,,,,,,,,,,,,,,,
,,,,,,,,,,,,,,,,,,,,
,,,,,,,,,,,,,,,,,,,,
,,,,,,,,,,,,,,,,,,,,
,,,,,,,,,,,,,,,,,,,,
,,,,,,,,,,,,,,,,,,,,
,,,,,,,,,,,,,,,,,,,,
,,,,,,,,,,,,,,,,,,,,
,,,,,,,,,,,,,,,,,,,,
,,,,,,,,,,,,,,,,,,,,
,,,,,,,,,,,,,,,,,,,,
,,,,,,,,,,,,,,,,,,,,
,,,,,,,,,,,,,,,,,,,,
,,,,,,,,,,,,,,,,,,,,
,,,,,,,,,,,,,,,,,,,,
,,,,,,,,,,,,,,,,,,,,
,,,,,,,,,,,,,,,,,,,,
,,,,,,,,,,,,,,,,,,,,
,,,,,,,,,,,,,,,,,,,,
,,,,,,,,,,,,,,,,,,,,
,,,,,,,,,,,,,,,,,,,,
,,,,,,,,,,,,,,,,,,,,
,,,,,,,,,,,,,,,,,,,,
,,,,,,,,,,,,,,,,,,,,
,,,,,,,,,,,,,,,,,,,,
,,,,,,,,,,,,,,,,,,,,
,,,,,,,,,,,,,,,,,,,,
,,,,,,,,,,,,,,,,,,,,
